Attribute,V1,V2,V3,V4,V5,V6,V7,V8,V9,V10,V11,V12,V13,V14,V15
Beauty Salon,-0.2678956091403961,0.23728612065315247,-0.2736910283565521,-0.7875642776489258,1.1217848062515259,-0.043414775282144547,-0.6393730044364929,0.3708473742008209,0.4025624096393585,-0.2724996507167816,-0.03566765785217285,0.09941379725933075,1.015841007232666,0.40120965242385864,0.8823691606521606,,
Bike Rental,-0.16492943465709686,0.17829644680023193,0.15773358941078186,-0.7829868197441101,0.4359888732433319,0.03135821595788002,0.6741318106651306,0.28906700015068054,-0.16968569159507751,0.1910705715417862,1.0753675699234009,-0.450713187456131,-0.22132061421871185,0.5310046672821045,-0.4518100619316101,,
Swimming Pool (Combined Filter),0.5262073874473572,0.027285605669021606,-0.713848352432251,-0.40272021293640137,-0.23334617912769318,-0.22512121498584747,-0.9252320528030396,-0.35952499508857727,0.2580389380455017,0.034262385219335556,0.26770997047424316,-0.1792512834072113,-0.3104783892631531,0.3477965295314789,0.6531445980072021,,
Family Friendly,-0.08494594693183899,-0.06492217630147934,-0.37694668769836426,-0.2282375991344452,0.288358211517334,0.2517278790473938,0.030538285151124,0.12172483652830124,-0.30731332302093506,-0.09636106342077255,0.3452996015548706,-0.259357750415802,-0.4201001822948456,-0.10619555413722992,0.36359667778015137,,
Hostal (ES),0.02332453802227974,0.03897145763039589,0.014710488729178905,-0.004386577755212784,-0.1556423455476761,0.21981181204319,-0.03858872130513191,-0.0823148638010025,-0.19910457730293274,-0.2897312641143799,-0.2469826489686966,-0.24545033276081085,-0.2598167955875397,0.24904686212539673,-0.13503004610538483,,
Organised Activities,-0.6454419493675232,0.6051422953605652,-0.29371482133865356,0.027549048885703087,0.47895312309265137,-0.04534213989973068,-0.07912421971559525,0.22038689255714417,-0.5487603545188904,-0.4257793426513672,-0.30323004722595215,-0.5246168971061707,0.17402322590351105,0.23736236989498138,-0.09066705405712128,,
Hypoallergenic Rooms,-0.1838868260383606,-0.45779672265052795,-0.0575706847012043,-0.5121640563011169,0.02274998091161251,-0.6166785359382629,1.0187128782272339,-0.7656403183937073,-0.4307186007499695,-0.2111930400133133,-0.39700257778167725,0.34406715631484985,0.1849953979253769,-0.28396451473236084,-0.6730864644050598,,
Singles,0.035519085824489594,-0.24962610006332397,-0.6813255548477173,-0.8723431825637817,-0.22064919769763947,-0.08096086978912354,-0.6146160960197449,-0.17117825150489807,-0.12282465398311615,0.04984835162758827,0.31990641355514526,-0.34127143025398254,-0.3343767821788788,-0.051183488219976425,0.7882317900657654,,
Cot,0.19762811064720154,0.7273170948028564,-0.15006281435489655,-0.4949612319469452,0.6769091486930847,0.05657469853758812,-0.03424808010458946,0.1426752805709839,0.5642209649085999,-0.22491304576396942,-0.5026819109916687,-0.14893943071365356,0.45665979385375977,0.47994759678840637,0.4530412554740906,,
Hiking Trail,-0.3045491874217987,0.04775387793779373,-0.12473024427890778,0.48367196321487427,0.41510340571403503,-0.04453172907233238,-0.47898343205451965,-0.568813681602478,0.008137969300150871,0.1587492674589157,0.5218144655227661,0.5177909731864929,-0.0809493288397789,0.19771698117256165,0.229612797498703,,
Adults Only,0.02797509916126728,-0.23330757021903992,0.1721745878458023,-0.6230865120887756,0.11874303966760635,-0.36350899934768677,0.8319286108016968,-0.6318442225456238,-0.4045000970363617,-0.07252996414899826,-0.16672004759311676,0.48929712176322937,-0.3259437382221222,-0.26661428809165955,-0.20318348705768585,,
Computer with Internet,0.1868211328983307,-0.2321311980485916,-0.6596826314926147,-0.6793837547302246,-0.23160815238952637,0.017876561731100082,-0.5866983532905579,-0.11784379929304123,-0.051288701593875885,0.034456439316272736,0.21738559007644653,-0.3626255691051483,-0.28232473134994507,-0.04766906797885895,0.49692845344543457,,
WiFi (Public Areas),-0.147943913936615,0.09107136726379395,-0.7828800082206726,0.13401482999324799,-0.012896177358925343,0.16119393706321716,-0.19256487488746643,0.3000221848487854,-0.39480361342430115,-0.23590029776096344,0.1696311980485916,0.14261022210121155,-0.5938556790351868,0.48926305770874023,-0.4170101284980774,,
Swimming Pool (Indoor),-0.1257888227701187,-0.03919030353426933,-0.5828872323036194,-0.8124110698699951,0.18854431807994843,0.0877222791314125,-0.4090774655342102,-0.23131439089775085,-0.27799198031425476,0.08141098916530609,0.17851616442203522,-0.23844625055789948,-0.3412073850631714,-0.225698322057724,0.8396062254905701,,
Halal Food,-0.6157258749008179,0.1948225349187851,-0.11423565447330475,0.21056947112083435,0.16158130764961243,0.27482107281684875,0.0074401842430233955,-0.018488634377717972,-0.29757562279701233,-0.5980849266052246,0.553560733795166,-0.41845375299453735,0.189952090382576,0.1340329349040985,0.23413927853107452,,
From 2 Stars,-0.4186907112598419,-0.046241842210292816,-0.09974433481693268,-0.14413659274578094,0.27352291345596313,0.03085429035127163,-0.13589750230312347,-0.21029725670814514,-0.3801848590373993,-0.43660643696784973,-0.5581275820732117,-0.028260016813874245,0.5233044028282166,-0.1526348888874054,-0.18203844130039215,,
Horse Riding,-0.30528417229652405,0.3001459538936615,-0.25943294167518616,-0.22892874479293823,0.25022798776626587,0.10296769440174103,0.2816638946533203,0.12004633992910385,-0.5297858119010925,-0.3163476586341858,0.08823768049478531,-0.5616477131843567,0.1082310676574707,0.07417120784521103,-0.28254565596580505,,
Serviced Apartment,0.6346526741981506,-0.41902005672454834,-0.5100385546684265,-0.3544769883155823,-0.3406008780002594,-0.21923992037773132,-0.6847689747810364,-0.3605189323425293,0.5690526962280273,0.13768810033798218,-0.04071035608649254,-0.3095860779285431,-0.5594361424446106,0.4189232885837555,0.12133775651454926,,
Body Treatments,-0.3832951486110687,0.02083122730255127,-0.2224799543619156,-0.07087725400924683,0.509350061416626,0.052213963121175766,0.2049664556980133,-0.23875530064105988,-0.5769097208976746,-0.40288880467414856,-0.6044186353683472,-0.3119230270385742,-0.3176461160182953,0.16617310047149658,-0.19798150658607483,,
Club Hotel,-0.0053728194907307625,0.03767076134681702,0.20251227915287018,-0.8172046542167664,0.4287404417991638,-0.3980896472930908,0.5892158150672913,-0.782228410243988,-0.7302377223968506,-0.005616151262074709,-0.2747449576854706,0.4235667586326599,-0.45678189396858215,-0.5799505710601807,-0.1313793659210205,,
Lift,0.4737313687801361,0.17833510041236877,-0.9513347744941711,0.0010186905274167657,-0.22064140439033508,0.057208217680454254,-0.8699603080749512,-0.18162330985069275,0.1491088718175888,0.010595317929983139,0.16584767401218414,0.006539073307067156,-0.11936968564987183,0.7384853959083557,0.03617008030414581,,
4 Star,-0.3589445650577545,-0.169117271900177,-0.4357447326183319,0.46096423268318176,0.34137797355651855,0.4526492655277252,-0.12511540949344635,-0.19699876010417938,-0.8902655839920044,-0.6827549934387207,-0.6519775390625,-0.4265308976173401,-0.020452331751585007,0.016597917303442955,0.3846239447593689,,
Bathtub,-0.004600298125296831,0.29476508498191833,-0.06260431557893753,-0.48482927680015564,0.1608637273311615,-0.16344353556632996,0.8229057192802429,-0.11371489614248276,-0.439997136592865,-0.41624683141708374,-0.6278648376464844,0.3497254252433777,-0.17996209859848022,-0.2059893012046814,0.13939258456230164,,
Excellent Rating,0.13021330535411835,0.1454739272594452,0.15427163243293762,0.1857912540435791,0.21744635701179504,0.10669537633657455,0.17535611987113953,-0.03255985304713249,-0.132711723446846,-0.37507712841033936,-0.15110525488853455,0.6142736673355103,-0.4584837555885315,0.33924153447151184,0.009433677420020103,,
Sitting Area (Rooms),-0.04176908731460571,0.4179576337337494,0.14399410784244537,-0.2372005581855774,0.37009939551353455,0.1245427131652832,-0.020625144243240356,0.34208905696868896,-0.3958399295806885,-0.4599505364894867,-0.4175454080104828,-0.006774127949029207,-0.27378904819488525,0.05276358500123024,0.1928899586200714,,
Safe (Hotel),-0.9739860892295837,-0.6541855931282043,-0.21902009844779968,0.23321044445037842,0.45205622911453247,-0.60004723072052,0.8669792413711548,-0.20798707008361816,0.02099119871854782,-0.3854658305644989,-0.31248772144317627,-0.32782086730003357,0.67863529920578,-0.4223010838031769,-0.551419734954834,,
Room Service,-0.4487675726413727,0.06563780456781387,-0.2081608921289444,0.30875420570373535,0.42243316769599915,0.03303208947181702,-0.5378236174583435,-0.6369403600692749,0.1505933403968811,0.28882214426994324,0.34820422530174255,0.3059209883213043,-0.08389098197221756,0.12017835676670074,0.36568528413772583,,
2 Star,0.05156012997031212,-0.2656909227371216,0.1290225386619568,-0.5827900171279907,0.08963139355182648,-0.45482590794563293,0.8014293909072876,-0.2968538701534271,-0.8033590912818909,-0.012846222147345543,-0.33216628432273865,0.4485110342502594,0.09959015250205994,-0.23604579269886017,-0.22869035601615906,,
Tennis Court (Indoor),-0.3518016040325165,-0.16986140608787537,-0.37029343843460083,-0.3050776422023773,0.47140729427337646,-0.10845380276441574,0.2507300078868866,0.08035644143819809,-0.38293734192848206,-0.1656539887189865,-0.011218586936593056,-0.4637060761451721,-0.1857173591852188,0.13657823204994202,-0.1702626794576645,,
Swimming Pool (Outdoor),0.10306693613529205,0.5987191796302795,-0.26669618487358093,-0.3309045732021332,0.5155853629112244,-0.22046338021755219,0.0065507967956364155,0.25680118799209595,0.7140229940414429,-0.32438185811042786,-0.39011266827583313,-0.01830187812447548,0.42863819003105164,0.560456395149231,0.4073580205440521,,
Hydrotherapy,-0.7076350450515747,-0.26956650614738464,0.08817241340875626,0.4886462390422821,0.912426233291626,-0.21043100953102112,-0.2902815639972687,-0.8622018098831177,0.11533228307962418,0.18998344242572784,0.23286016285419464,0.3762187957763672,-0.5778560042381287,-0.02708306908607483,0.21161143481731415,,
Radio,-0.36292964220046997,0.17525076866149902,-0.3045777976512909,0.46078500151634216,0.21556521952152252,0.38309046626091003,0.10086885839700699,-0.4487769603729248,-0.7146610617637634,-0.3916357457637787,-0.3092730939388275,-0.024737946689128876,0.04168080911040306,0.07159532606601715,0.060254864394664764,,
Fitness,-0.4899824857711792,-0.3717234432697296,-0.024964213371276855,-0.4818793833255768,0.8154438138008118,-0.2880570590496063,0.6762022972106934,0.11358647048473358,0.26752904057502747,0.6547734141349792,0.9322547912597656,-0.6289489269256592,-0.09310104697942734,0.12493884563446045,-0.007146565709263086,,
Swimming Pool (Bar),-0.0771985650062561,-0.6165340542793274,-0.1115114688873291,-0.8470945358276367,0.25008338689804077,-0.8033849000930786,1.0998297929763794,-1.041060209274292,-0.7363123893737793,-0.032815247774124146,-0.4947926998138428,0.21114110946655273,-0.004795657470822334,-0.5391284823417664,-0.5626702904701233,,
Desk,-0.3772090673446655,0.05012690648436546,-0.258757084608078,0.2395583838224411,0.033241722732782364,0.1019868403673172,0.3739031255245209,0.2936650812625885,-0.4879099130630493,-0.20023506879806519,0.031227219849824905,-0.032237548381090164,0.1919553577899933,0.007879499346017838,0.10271694511175156,,
Guest House,-0.3681511878967285,-0.02237864024937153,0.06942174583673477,0.5922011137008667,-0.011067895218729973,-0.17887698113918304,-0.16081678867340088,-0.6323873400688171,0.009561079554259777,0.005300347693264484,0.5286641716957092,0.49042877554893494,0.1118159294128418,-0.2343340367078781,0.3387244939804077,,
Shower,-0.31265291571617126,0.20255422592163086,-0.5673910975456238,0.6547276377677917,0.560798168182373,0.0158866997808218,-0.0424964614212513,-0.5286304354667664,-0.09785933047533035,-0.5238588452339172,-0.05312633886933327,0.21484151482582092,0.1590602546930313,0.0677567794919014,0.26950111985206604,,
Kids' Club,-0.36578497290611267,0.31297430396080017,-0.4153497815132141,0.21133790910243988,0.2584652304649353,0.08871696889400482,0.06056937575340271,-0.059128452092409134,-0.39445480704307556,-0.7834839224815369,0.12386584281921387,-0.5011839866638184,-3.4565164241939783E-4,0.4971076250076294,0.05570261552929878,,
Pool Table,0.0947985053062439,-0.14912578463554382,0.032716304063797,-0.8245090246200562,0.12648408114910126,-0.37149742245674133,0.9618334770202637,-0.544701874256134,-0.9148422479629517,-0.18752621114253998,-0.06638427823781967,0.38026779890060425,-0.0811343565583229,-0.31219416856765747,-0.15499529242515564,,
Szep Kartya,0.1627873033285141,0.26293158531188965,0.08747999370098114,-0.322751522064209,0.5135785341262817,-0.26417937874794006,-0.2584508955478668,0.17396609485149384,0.45807790756225586,-0.06903018057346344,-0.5645121335983276,0.020103061571717262,0.4168942868709564,0.38785025477409363,0.24353785812854767,,
Airport Hotel,-0.4461507201194763,-0.0811828076839447,0.01902596652507782,0.235758975148201,0.591681182384491,0.0035084302071481943,-0.41720345616340637,-0.6466737985610962,0.008542090654373169,0.3852906823158264,-0.06830975413322449,0.43150943517684937,-0.2709912657737732,0.01509498618543148,0.07513970136642456,,
Room Service (24/7),0.1544429510831833,0.5775882005691528,-0.7053330540657043,-0.5163896679878235,0.2325442135334015,-0.14475227892398834,0.1725563108921051,0.2752416729927063,-0.6070693135261536,-0.2671578526496887,0.3049575388431549,-0.08781677484512329,0.20492221415042877,0.20778125524520874,-0.27873364090919495,,
Solarium,-0.5218956470489502,0.29781702160835266,-0.23586620390415192,-0.13888242840766907,0.0018390605691820383,0.2640421986579895,0.13991093635559082,-0.17154249548912048,0.10908079147338867,-1.1420555114746094,0.15046045184135437,-0.5153127908706665,0.0888180136680603,0.020587459206581116,0.49024632573127747,,
Hypoallergenic Bedding,-0.02290303073823452,0.10676155239343643,-0.24194148182868958,-0.7843149900436401,0.9974343776702881,0.06843334436416626,-0.5196512937545776,0.5345552563667297,0.5401734113693237,-0.22763891518115997,-0.30433905124664307,0.3283671736717224,0.5809615850448608,0.5418050289154053,0.7533059120178223,,
Doctor On-Site,-0.41851741075515747,-0.06706641614437103,-0.2949541211128235,-0.0556124672293663,0.3868677318096161,-0.037692103534936905,0.20963813364505768,-0.14003093540668488,-0.48349353671073914,-0.40173640847206116,-0.561414361000061,-0.23995555937290192,-0.2904660701751709,0.2918601930141449,-0.24976956844329834,,
Hotel Bar,0.027117474004626274,0.005557536613196135,0.011924751102924347,-0.39617428183555603,0.24492791295051575,-0.46448060870170593,1.0584402084350586,-0.3272334039211273,-0.64470374584198,-0.17047680914402008,-0.5627731084823608,0.3026655614376068,0.10844116657972336,-0.19832897186279297,0.021372435614466667,,
Large Groups,-0.1560809314250946,-0.32015812397003174,-0.7018417119979858,-0.8448548316955566,-0.07907625287771225,-0.06307975947856903,-0.6142834424972534,-0.2548155188560486,-0.18974049389362335,-0.0168459452688694,0.09846971929073334,-0.35312896966934204,-0.40535274147987366,-0.18495576083660126,0.7146944403648376,,
Farmstay,-0.2695390284061432,-0.3513762950897217,-0.08430589735507965,0.11377302557229996,-0.08379348367452621,-0.34543460607528687,0.7504773139953613,-0.698753833770752,-0.07940451055765152,-0.2075953334569931,-0.1972588151693344,0.05568534880876541,0.013845722191035748,0.04050982743501663,-0.7004528641700745,,
Conference Rooms,-0.22394025325775146,0.3098309338092804,-0.6183345317840576,-0.46231991052627563,0.05322602763772011,0.07571429014205933,-0.5178778171539307,0.4062776565551758,-0.376071572303772,-0.292538046836853,0.40321072936058044,-0.4686131179332733,0.008899224922060966,0.24203462898731232,-0.17198748886585236,,
Health Retreat,0.03659145161509514,0.38076502084732056,-0.30825331807136536,-0.8270609378814697,1.0710643529891968,-0.3250710964202881,-0.23659144341945648,0.40122950077056885,0.7824985384941101,-0.2414885312318802,-0.44809675216674805,0.16853788495063782,0.7094573378562927,0.6717150807380676,0.7091262936592102,,
Concierge,-0.530893862247467,-0.22062861919403076,-0.006256485357880592,-0.6566961407661438,0.7939831018447876,-0.36445844173431396,0.5765689611434937,0.32396242022514343,0.13272130489349365,0.6649931073188782,0.8483982086181641,-0.6992303729057312,-0.31561076641082764,0.1333160400390625,-0.21503868699073792,,
Ironing Board,0.46787962317466736,0.3628731966018677,0.29827672243118286,-0.34737226366996765,0.23374047875404358,0.13138003647327423,0.12664581835269928,0.3353191018104553,-0.25998473167419434,-0.11351022869348526,0.5554341673851013,-0.15938422083854675,0.07642862945795059,0.6180127263069153,-0.36925598978996277,,
Honeymoon,0.11293752491474152,-0.2327650487422943,-0.602209746837616,-1.0690854787826538,0.015532593242824078,-0.058570489287376404,-0.49865400791168213,-0.45345404744148254,-0.3002645671367645,0.12083357572555542,0.3180888593196869,-0.39155325293540955,-0.425721138715744,-0.437604159116745,0.8813797831535339,,
Nightclub,-0.011558987200260162,0.30579861998558044,-0.28354233503341675,-0.7755832076072693,0.9523084163665771,-0.046559177339076996,-0.2640216648578644,0.3340732753276825,0.6262087821960449,-0.23171940445899963,-0.2569970190525055,0.23467186093330383,0.6469378471374512,0.7428029775619507,0.8288091421127319,,
Tennis Court,0.28281334042549133,0.36777088046073914,0.137446790933609,-0.5380865931510925,0.3198637366294861,-0.1707429587841034,0.3331485688686371,0.6112671494483948,-0.49447762966156006,-0.05607180669903755,0.8348373174667358,-0.33779165148735046,0.10813333839178085,0.48998045921325684,-0.3763352036476135,,
Free WiFi (Public Areas),0.38238221406936646,0.01978149451315403,-0.780495822429657,-0.022405629977583885,-0.45027148723602295,-0.3359939754009247,-0.8743650317192078,-0.24620375037193298,0.03323114290833473,-0.004403948318213224,0.6150211691856384,-0.2627251148223877,-0.028588609769940376,0.38530007004737854,-0.07469641417264938,,
Gym,0.05465518683195114,0.6361769437789917,-0.28386107087135315,-0.5030878782272339,0.5112648606300354,-0.041543956845998764,-0.30620887875556946,0.3202601373195648,0.862739086151123,-0.26839521527290344,-0.4008689820766449,0.10957387834787369,0.6983456611633301,0.7276272177696228,0.5865324139595032,,
Towels,-0.6988943815231323,0.06647514551877975,-0.1275031864643097,0.6976481676101685,0.7503666877746582,-0.23631997406482697,-0.3300711512565613,-0.7632513642311096,0.12056752294301987,0.21043241024017334,0.5550395250320435,0.7704474925994873,0.17580176889896393,0.006668774876743555,0.3351106643676758,,
Luxury Hotel,-0.4079246520996094,-0.09364140033721924,-0.2194303721189499,0.4796365797519684,0.3750249147415161,0.011877622455358505,-0.696998655796051,-0.6694526672363281,-0.007875804789364338,0.22610998153686523,0.3639637231826782,0.2222135365009308,0.23423856496810913,0.15710516273975372,0.16490978002548218,,
Senior Travellers,-0.3522700071334839,0.1534251868724823,-0.5929405093193054,0.0171522069722414,0.2075442224740982,-0.07150614261627197,-0.05427459627389908,0.07098964601755142,-0.4233739376068115,-0.4621480107307434,-0.3408343493938446,-0.5378573536872864,-0.06428351253271103,0.22615067660808563,-0.02066168375313282,,
Boat Rental,0.37280911207199097,0.5247049331665039,-0.013739198446273804,-0.7461951375007629,0.341762900352478,-0.0594853051006794,0.5704841017723083,0.3970559537410736,-0.4997255504131317,0.306771844625473,0.8814977407455444,-0.36332404613494873,-0.050595153123140335,0.2985497713088989,-0.5564947128295898,,
Shooting Sports,-0.25931158661842346,-0.40052253007888794,-0.07087739557027817,-0.5314416289329529,0.14720414578914642,-0.6928936839103699,0.9650857448577881,-0.8004950284957886,-0.5335373282432556,-0.13717837631702423,-0.39720770716667175,0.18452338874340057,0.07592262327671051,-0.4099734425544739,-0.6634203791618347,,
Hostel,0.4787159860134125,-0.053764600306749344,0.07809112966060638,-0.3493976891040802,0.1800566464662552,-0.21553634107112885,0.35082101821899414,0.5277681946754456,-0.25355061888694763,0.12054586410522461,0.3794289827346802,0.0020540403202176094,-0.3603273034095764,0.21398021280765533,-0.3227747976779938,,
Free WiFi (Combined),-0.09919068962335587,0.4855359196662903,-0.014010547660291195,-0.5834683179855347,0.21686778962612152,0.04265845566987991,0.20358386635780334,0.268564909696579,-0.08282343298196793,-0.30708134174346924,0.46623140573501587,-0.17444592714309692,0.1375584900379181,0.549365222454071,-0.6737686395645142,,
Water Slide,-0.09053247421979904,0.09949084371328354,0.08742748945951462,-0.11493514478206635,-0.03271383047103882,0.0017627220368012786,0.6773660778999329,-0.28811371326446533,-0.12486568838357925,-0.24330128729343414,-0.32540515065193176,-0.31844112277030945,-0.15824174880981445,-0.47731927037239075,-0.317502498626709,,
Express Check-In / Check-Out,-0.15249323844909668,0.2518121898174286,-0.24095767736434937,0.14023859798908234,0.2907179892063141,0.2394973784685135,-0.04564537853002548,0.21522334218025208,-0.2744050920009613,-0.5085763931274414,0.4866865277290344,-0.41069743037223816,0.10115079581737518,0.5456360578536987,-0.3645949959754944,,
Spa Hotel,-0.035335417836904526,0.3975299298763275,-0.46509137749671936,-0.6118030548095703,0.33816269040107727,-0.05727666988968849,-0.07779888063669205,0.29852500557899475,0.7228528261184692,-0.23806911706924438,-0.33496254682540894,-0.09767843782901764,0.4008735418319702,0.8507294654846191,0.6395725011825562,,
Beach Bar,0.237578347325325,-0.07485764473676682,-0.6575034260749817,-1.3726303577423096,0.02052687667310238,-0.44501441717147827,-0.32913386821746826,-0.4272826611995697,-0.1915198564529419,-0.23487091064453125,0.33703115582466125,0.03881159424781799,-0.4818737506866455,-0.313873291015625,0.9454768896102905,,
5 Star,0.10747677832841873,-0.006402113474905491,0.2880442440509796,-1.0760165452957153,0.47836920619010925,-0.5552308559417725,0.827467143535614,-0.8140867352485657,-1.0569325685501099,-0.06949862092733383,-0.16588546335697174,0.689462423324585,-0.43998247385025024,-0.5906831622123718,-0.15665104985237122,,
Kosher Food,-0.07932599633932114,0.26076582074165344,-0.2651228904724121,0.0985669493675232,0.053441815078258514,0.027640722692012787,-0.07114996761083603,0.07210483402013779,-0.4474412202835083,-0.6172388792037964,-0.08827856183052063,-0.2836490273475647,0.12568655610084534,0.3639492094516754,0.0567687563598156,,
Flatscreen TV,-0.07861556112766266,-0.2750469446182251,-0.4739381968975067,-0.7128952741622925,-0.10439039021730423,0.12594284117221832,-0.6422659158706665,-0.05601067095994949,-0.2532222270965576,-0.05692111328244209,0.16408021748065948,-0.18360432982444763,-0.5131654143333435,-0.03664417192339897,0.5282304883003235,,
Childcare,-0.4566597044467926,0.028183747082948685,-0.08736822754144669,-0.04273536428809166,0.5481342673301697,-0.0036508534103631973,0.13141070306301117,-0.009858415462076664,-0.29696276783943176,-0.3153170645236969,-0.5545120239257812,-0.2622527778148651,-0.11362709850072861,0.268442302942276,-0.07153824716806412,,
Free WiFi (Rooms),0.15403331816196442,-0.3097817301750183,0.40166085958480835,-0.4230894446372986,0.21232695877552032,-0.458560049533844,0.4733016788959503,0.45335766673088074,-0.5450221300125122,0.2741278409957886,1.0309715270996094,-0.7021006345748901,-0.18706895411014557,0.1960284411907196,-0.1239689514040947,,
Accessible Parking,-0.0861390233039856,0.5311509966850281,-0.1539597064256668,-0.4733812212944031,0.7672749161720276,-0.041903916746377945,-0.53218013048172,0.4330415725708008,0.25835198163986206,-0.3046305775642395,0.11758097261190414,0.42644423246383667,0.7657430171966553,0.47339820861816406,0.6509955525398254,,
From 3 Stars,0.11722929775714874,0.7549022436141968,-0.45276811718940735,-0.2712494432926178,0.9751388430595398,-0.02051050215959549,-0.071314238011837,0.6009461283683777,0.2060302048921585,-0.45196840167045593,0.16310374438762665,0.09326307475566864,0.46812114119529724,0.21787147223949432,0.7933369278907776,,
Hotel,-0.1614854633808136,-0.46591487526893616,-0.216775044798851,0.0014679415617138147,0.31233879923820496,-0.2829137146472931,0.8239731192588806,-0.4765346944332123,-0.1543121188879013,-0.19701462984085083,-0.42472079396247864,-0.4690094590187073,0.23306873440742493,-0.5455124974250793,-0.5416151285171509,,
On-Site Boutique Shopping,-0.31116360425949097,-0.006738034542649984,-0.316160649061203,-0.5574761629104614,0.507954478263855,0.014961859211325645,0.05565875396132469,0.051223453134298325,-0.6519295573234558,-0.21225591003894806,-0.307872474193573,-0.4928038716316223,-0.35690444707870483,-0.10678081214427948,-0.010119476355612278,,
Sauna,-0.4100120961666107,-0.009632550179958344,-0.6820674538612366,0.3687756359577179,0.19589784741401672,-0.22206133604049683,0.32236742973327637,-0.15265396237373352,-0.3813786804676056,-0.6278491020202637,-0.4283475875854492,-0.6862781047821045,0.46987083554267883,0.13008107244968414,-0.03478717803955078,,
Car Park,-0.24257224798202515,0.2639085650444031,0.1446123570203781,-0.004735278431326151,0.05524218827486038,0.019078413024544716,-0.024912014603614807,0.010675573721528053,0.1999761313199997,-0.4869574010372162,-0.005442951340228319,-0.24798713624477386,0.17586536705493927,0.4757460653781891,0.422084242105484,,
Cable TV,-0.07867909967899323,-0.31186816096305847,0.0974627137184143,-0.41804787516593933,0.05312125384807587,-0.4552733898162842,1.0977566242218018,-0.44818493723869324,-0.43065840005874634,-0.2491258978843689,-0.450516015291214,0.07526451349258423,0.3330309987068176,-0.3016408383846283,-0.20328199863433838,,
Steam Room,-0.3807009160518646,0.013957629911601543,-0.49229639768600464,0.6199862957000732,0.13832366466522217,-0.058507032692432404,-0.11017932742834091,-0.6498450040817261,-0.2877156138420105,-0.2169138789176941,0.49468347430229187,0.09543892741203308,0.7709633708000183,-0.17659425735473633,0.598861813545227,,
Volleyball,0.3200471103191376,-0.3034687340259552,-0.7129720449447632,-0.8982425332069397,-0.28286755084991455,-0.29837849736213684,-0.6645038723945618,-0.40730810165405273,0.09981199353933334,0.11933253705501556,0.12043897062540054,-0.41164088249206543,-0.44138121604919434,-0.028248297050595284,0.425618052482605,,
Porter,0.044024839997291565,0.36491644382476807,-0.017231706529855728,-0.6603094339370728,0.5382840037345886,-0.03811153396964073,0.6766977310180664,0.4954295754432678,-0.30846521258354187,0.28287968039512634,0.9875822067260742,-0.5305930972099304,0.06312315165996552,0.5629584193229675,-0.5424352884292603,,
Wheelchair Accessible,-0.28792646527290344,-0.6930361390113831,0.13013453781604767,-0.22169175744056702,0.05302783474326134,-0.9590633511543274,1.0213698148727417,-0.48238205909729004,-0.6701301336288452,-0.4011889100074768,-0.27404922246932983,-0.005095494445413351,0.5824123024940491,-0.3977634310722351,-0.5387805700302124,,
Openable Windows,-0.3339817225933075,0.21320319175720215,-0.25015002489089966,-0.18678291141986847,0.274335116147995,0.2548771798610687,-0.0018955846317112446,0.49954068660736084,-0.1497858464717865,-0.40916958451271057,0.5264619588851929,-0.09633854031562805,0.11865273118019104,0.12922155857086182,-0.09405086189508438,,
Table Tennis,-0.23093470931053162,0.3419094383716583,-0.5484258532524109,-0.25732913613319397,-0.017161183059215546,0.10072847455739975,-0.14750729501247406,-0.0086899409070611,0.1949017196893692,-0.7311550378799438,-0.012969004921615124,-0.6292351484298706,0.017931263893842697,0.49930480122566223,0.32948777079582214,,
Television,-0.5491349101066589,-0.20874334871768951,-0.1730126142501831,0.28318676352500916,0.025059780105948448,0.1982048749923706,-0.14662712812423706,-0.4482375979423523,-0.42264625430107117,-0.39381882548332214,0.5800283551216125,0.7658124566078186,-0.06346290558576584,-0.09849457442760468,0.49121519923210144,,
Accessible Hotel,0.15571647882461548,0.4744729697704315,0.028190936893224716,-0.828381359577179,0.5275909900665283,-0.13532119989395142,0.5203243494033813,0.6756954789161682,-0.45192742347717285,0.21277795732021332,0.704950213432312,-0.42893844842910767,-0.10531904548406601,0.48183274269104004,-0.5728791356086731,,
Direct beach access,-0.4333445727825165,0.006766838487237692,-0.16863587498664856,0.6745834946632385,0.15424925088882446,-0.20893649756908417,-0.15272286534309387,-0.8196860551834106,-0.06453599035739899,-0.14580248296260834,0.65912926197052,0.362126886844635,0.5351866483688354,-0.2263258546590805,0.5839309096336365,,
Jacuzzi (Hotel),0.005390551406890154,-0.2012827843427658,-0.6361733675003052,-0.7206419110298157,0.08452683687210083,-0.18252824246883392,-0.4974220097064972,-0.27915847301483154,-0.3217085599899292,-0.08321518450975418,0.3608901798725128,-0.3827466666698456,-0.22680968046188354,-0.15444156527519226,0.7575808763504028,,
Restaurant,-0.5670353770256042,0.3665658235549927,0.10239405184984207,-0.3918963074684143,0.5447627305984497,0.40024641156196594,-0.2224193662405014,0.03395429626107216,0.31517186760902405,-0.6490831971168518,-0.022314824163913727,-0.23283320665359497,0.2387225180864334,0.18389219045639038,0.6686949133872986,,
Hairdryer,0.33008047938346863,0.6329982876777649,0.05649499595165253,-0.14818882942199707,0.5865703225135803,-0.33630385994911194,-0.1455906480550766,0.30118101835250854,0.3049441874027252,-0.5251056551933289,-0.29136189818382263,0.06456991285085678,0.7027361989021301,0.5642427802085876,0.7710978388786316,,
Balcony,0.10760251432657242,-0.054860908538103104,-0.09433665126562119,0.3526375889778137,-0.3682076632976532,0.07525379210710526,-0.47551825642585754,0.04803852364420891,-0.36205801367759705,-0.37958693504333496,0.022880161181092262,-0.038546718657016754,-0.6663230657577515,0.6721222996711731,-0.3660961985588074,,
Convention Hotel,-0.1747785210609436,0.25196078419685364,-0.02826670929789543,-0.6556182503700256,0.9540162682533264,0.08586560189723969,-0.6754364967346191,0.3251425325870514,-0.0016759816789999604,-0.1340511292219162,-0.04850395396351814,0.32135507464408875,0.7535256743431091,0.17439809441566467,0.7520999908447266,,
Playground,-0.3207229673862457,0.07035093754529953,-0.4887131452560425,0.2521929144859314,0.23301507532596588,0.11349140852689743,0.18954311311244965,-0.034410979598760605,-0.4366399943828583,-0.44561582803726196,-0.24947354197502136,-0.4205724596977234,0.31175678968429565,0.2886125147342682,-0.035796307027339935,,
Terrace (Hotel),-0.3841061294078827,-0.06415263563394547,-0.14100302755832672,0.48695504665374756,0.15550081431865692,0.02838648483157158,-0.23586969077587128,-0.832465410232544,0.09659402817487717,0.06040031462907791,0.5188619494438171,0.48384997248649597,0.106226846575737,0.3605943024158478,0.5167562365531921,,
Casino (Hotel),0.07758859544992447,0.2432231605052948,-0.20594128966331482,-0.8001602292060852,0.9464966654777527,-0.26536038517951965,-0.15427173674106598,0.29662612080574036,0.6521062850952148,-0.15164709091186523,-0.6657716035842896,0.13231699168682098,0.7840044498443604,0.7863923907279968,0.6175475716590881,,
Gay-friendly,-0.28236764669418335,0.45473745465278625,-0.2648216187953949,0.3561813533306122,0.12765756249427795,0.13294032216072083,0.3597113788127899,-0.156871497631073,-0.7582083344459534,-0.5077980756759644,-0.23522120714187622,-0.24169626832008362,0.2641719579696655,0.1401277482509613,-0.1799403727054596,,
Satisfactory Rating,-0.17263299226760864,0.14969806373119354,0.40513724088668823,-0.21448355913162231,0.4275006353855133,-0.43068060278892517,-0.08701853454113007,-0.4099521040916443,-0.12477652728557587,-0.35937026143074036,-0.939119815826416,0.026594504714012146,0.09098999947309494,-0.021481383591890335,-0.6584216356277466,,
Country Hotel,-0.2777494192123413,-0.3967490792274475,0.14182698726654053,-0.4643486440181732,0.042844854295253754,-0.3601595461368561,0.9216986894607544,-0.5922273993492126,-0.44620877504348755,-0.2460361272096634,-0.12565869092941284,0.18792971968650818,0.12232392281293869,-0.19222864508628845,-0.33778488636016846,,
WiFi (Rooms),0.7086109519004822,-0.4033776521682739,-0.3737209141254425,-0.4534918963909149,-0.020672695711255074,0.5955748558044434,-0.3568686842918396,-0.6217247247695923,0.25436627864837646,0.04096027463674545,-0.11334040015935898,-0.026442857459187508,-0.7019323706626892,0.8346740007400513,0.17596903443336487,,
Electric Kettle,0.20177853107452393,0.3795071840286255,-0.43114638328552246,0.14694510400295258,0.05892068147659302,0.024199407547712326,-0.13947615027427673,-0.22538809478282928,-0.14462122321128845,-0.14064380526542664,0.08861934393644333,0.11277290433645248,-0.40924450755119324,0.8044852614402771,-0.25178593397140503,,
Deck Chairs,-0.04701569303870201,0.2790050804615021,-0.36944130063056946,-0.4730786979198456,0.19355235993862152,0.07189195603132248,0.18863867223262787,0.05132147669792175,-0.6048405766487122,-0.06734415143728256,0.24228452146053314,0.043668728321790695,-0.41871538758277893,0.14997991919517517,-0.02410445362329483,,
1 Star,0.31284433603286743,-0.3842242956161499,-0.39875033497810364,-0.5932406783103943,-0.31613820791244507,-0.18863289058208466,-0.5405622720718384,-0.24929828941822052,0.2046261578798294,0.3084515929222107,0.11959373205900192,-0.14465424418449402,-0.1256747841835022,0.021717499941587448,0.21264353394508362,,
Hot Stone Massage,-0.5490590929985046,0.26938751339912415,-0.2078346163034439,-0.18199224770069122,-0.08105994015932083,0.26417165994644165,0.06829643249511719,-0.0603928416967392,-0.2495846003293991,-0.8374642133712769,0.5467174649238586,-0.4011555314064026,-0.025621721521019936,0.23463380336761475,0.3449033796787262,,
Surfing,-0.2558489441871643,0.14825725555419922,-0.2455918788909912,-0.14272627234458923,0.004227724391967058,0.3036375343799591,-0.01398536842316389,0.0683097392320633,-0.19029191136360168,-0.8690688610076904,0.4134553372859955,-0.43081605434417725,-0.04035830870270729,0.4640410840511322,0.6166934370994568,,
Very Good Rating,0.3049650490283966,0.012664003297686577,0.1328151673078537,0.5696394443511963,0.058897145092487335,0.2525739371776581,-0.20781384408473969,-0.6053525805473328,-0.12326858937740326,0.10401517897844315,0.2708051800727844,0.3727632164955139,-0.27895206212997437,-0.18833787739276886,0.4686947762966156,,
Romantic,0.21983709931373596,0.3100093603134155,0.1278989315032959,-0.8482919931411743,0.32080525159835815,-0.015028173103928566,0.4479219317436218,0.5390332341194153,-0.6212847232818604,0.11440940946340561,1.1088831424713135,-0.1833738386631012,0.2712409794330597,0.3273599147796631,-0.24930641055107117,,
Minigolf,-0.5959187150001526,0.0586823970079422,-0.288055956363678,0.7984428405761719,0.32709240913391113,-0.21884649991989136,-0.18378125131130219,-0.9010943174362183,0.07182267308235168,-0.0935167521238327,0.6523116230964661,0.6351688504219055,0.5596396327018738,-0.10426414012908936,0.463819295167923,,
Casa Rural (ES),0.3160676956176758,0.40742674469947815,-0.4140845835208893,0.2610551118850708,0.09284801781177521,0.20756947994232178,0.21692386269569397,0.19264984130859375,-0.17835958302021027,-0.5333603024482727,0.010525724850594997,-0.19058489799499512,-0.12827758491039276,0.4274529218673706,-0.16897760331630707,,
Design Hotel,-0.49298667907714844,0.1828765571117401,-0.0299457386136055,-0.10020074993371964,-0.412835955619812,0.223195418715477,0.33098104596138,-0.1272526979446411,-0.21695953607559204,-0.9612114429473877,0.16671207547187805,-0.5875791311264038,-0.06883774697780609,0.09096338599920273,0.4609295129776001,,
3 Star,-0.5965389609336853,0.2995494306087494,0.07940219342708588,-0.10368332266807556,0.38950225710868835,-0.030710095539689064,-0.5996300578117371,-0.052809733897447586,0.16230665147304535,-0.2047087699174881,-0.17533661425113678,-0.22892601788043976,0.43818414211273193,-0.021333780139684677,0.353620707988739,,
Washing Machine,0.7202817797660828,-0.03655235096812248,-0.487790048122406,0.3299805521965027,-0.07777756452560425,-0.44696712493896484,-0.6512578725814819,-0.3697366416454315,0.8359943628311157,-0.04582147300243378,-0.33365827798843384,-0.15692976117134094,-0.7244815826416016,0.831676185131073,-0.2591494917869568,,
Bowling,-0.452763170003891,0.1677774041891098,-0.263962060213089,0.15870539844036102,-0.008128022775053978,0.23242616653442383,0.1541140377521515,-0.09706418961286545,-0.20135876536369324,-0.7263462543487549,0.18754853308200836,-0.44983136653900146,0.1792544573545456,0.18711385130882263,0.468810111284256,,
Microwave,0.4576377272605896,0.257376492023468,0.14813759922981262,-0.25461333990097046,0.026611855253577232,-0.16783282160758972,0.13587002456188202,0.5066842436790466,0.6979207396507263,-0.8805644512176514,-0.4228702783584595,0.5429894924163818,-0.351409375667572,0.6033570766448975,0.36784273386001587,,
Diving,-0.10231576859951019,0.16292208433151245,-0.3784041702747345,0.021011121571063995,0.22337210178375244,0.1692766547203064,0.06480170786380768,1.703102607280016E-4,-0.7581515908241272,-0.5378277897834778,-0.1875818818807602,-0.28598275780677795,0.16765210032463074,0.13175421953201294,0.4210488200187683,,
Beach,0.10989727079868317,0.5511043667793274,-0.04226849973201752,-0.373154878616333,0.5129683613777161,-0.00215441407635808,-0.2735905945301056,0.20647919178009033,0.33463919162750244,-0.411672443151474,0.026724910363554955,0.3934140205383301,0.5784705877304077,0.35176390409469604,0.3494057357311249,,
Pet Friendly,0.11118616908788681,-0.13233298063278198,-0.7063130736351013,-0.5611326694488525,-0.36387109756469727,0.0014829384163022041,-0.6697804927825928,-0.14122842252254486,-0.014865469187498093,0.013159572146832943,0.24682468175888062,-0.17418183386325836,-0.29164257645606995,0.05228497460484505,0.22460129857063293,,
Business Centre,-0.2224941849708557,0.17019906640052795,-0.31212514638900757,-0.3372221291065216,0.3173176050186157,0.35786595940589905,-0.16878335177898407,0.5846127867698669,-0.7728233337402344,-0.17344777286052704,0.26002708077430725,-0.5674699544906616,0.026602862402796745,0.46104517579078674,-0.26610445976257324,,
Business Hotel,-0.3663240671157837,-0.013896429911255836,-0.3332923650741577,0.628143846988678,0.18323476612567902,-0.16365474462509155,-0.33767157793045044,-0.4922811985015869,-0.6862736940383911,-0.30893272161483765,0.360836923122406,0.41506755352020264,0.24205349385738373,-0.09995930641889572,0.5507431626319885,,
Golf Course,-0.312796950340271,0.05824773386120796,-0.1369076520204544,0.5833910703659058,-0.027570510283112526,0.19484016299247742,0.4981383979320526,-0.06520114094018936,0.07435799390077591,-0.7475505471229553,0.49695223569869995,-0.2647736966609955,0.5999046564102173,0.2150927633047104,-0.21015682816505432,,
Satellite TV,-0.4257541596889496,0.13312463462352753,-0.13324715197086334,0.6275436282157898,0.0763765275478363,0.072564035654068,0.16821815073490143,-0.35073068737983704,0.05642649531364441,-0.5493143796920776,0.100911945104599,-0.06266970932483673,0.534978449344635,0.11124968528747559,0.07878115773200989,,
Massage,-0.06938251852989197,-0.3489973247051239,0.05392894893884659,-0.8581424951553345,0.0946740135550499,-0.550832211971283,0.9267846345901489,-0.6122897267341614,-0.7175818681716919,-0.2517640292644501,-0.37445318698883057,0.27269110083580017,0.04204167053103447,-0.4149734377861023,-0.18342721462249756,,
Central Heating,-0.008919228799641132,-0.151950404047966,-0.34834790229797363,0.23390331864356995,-0.14663571119308472,0.03444572538137436,-0.8021103739738464,-0.4708879292011261,0.06008189916610718,0.15740124881267548,0.43340882658958435,0.03148222342133522,-0.1772582083940506,0.3258296549320221,0.1486775428056717,,
Pousada (BR),-0.1180666834115982,0.07334494590759277,-0.009720263071358204,-0.014293836429715157,-0.2644646167755127,0.27842384576797485,0.13345517218112946,-0.11413610726594925,0.31770867109298706,-0.7555721402168274,0.2738904058933258,-0.11009212583303452,-0.03734435886144638,-0.022062035277485847,0.35317474603652954,,
Good Rating,0.0579422228038311,0.43414172530174255,0.14077356457710266,-0.30976301431655884,-0.009171845391392708,-0.09907039254903793,0.11142747104167938,0.30336591601371765,-0.027077509090304375,0.04072795435786247,-0.027499733492732048,0.4357556998729706,0.10375531017780304,0.9883267283439636,0.5734266042709351,,
Telephone,-1.0637845993041992,-0.7690026164054871,-0.2140720933675766,-0.0016695773229002953,-0.04454769939184189,-0.4587475061416626,1.25448739528656,-0.21247248351573944,-0.26927071809768677,-0.07373512536287308,-0.6290338635444641,-0.2386222928762436,0.41504597663879395,0.38460519909858704,-0.5711439251899719,,
Motel,-0.00924617238342762,0.17956984043121338,-0.32301485538482666,0.2859913408756256,-0.03769414871931076,0.2051357477903366,0.035808540880680084,0.05165848508477211,-0.393191397190094,-0.31823986768722534,-0.6051262617111206,-0.27688896656036377,0.1605609506368637,0.05825313553214073,-0.30658942461013794,,
Airport Shuttle,0.014654619619250298,0.2767041027545929,-0.6243420839309692,-0.061381079256534576,-0.4159439206123352,0.12591205537319183,0.20797984302043915,-0.09676578640937805,-0.12852942943572998,-0.6615036725997925,-0.21092210710048676,-0.353191077709198,-0.16197873651981354,0.11538582295179367,0.0221870057284832,,
Camping Site,-0.4706432819366455,-0.07732897996902466,0.056616246700286865,0.3796747326850891,0.3486454486846924,-0.2735913097858429,-0.19885393977165222,-0.46945783495903015,0.07049693912267685,-0.004054908640682697,0.43191975355148315,0.41576680541038513,-0.27312910556793213,-0.08858188986778259,-0.05568479374051094,,
Boutique Hotel,0.22730310261249542,-0.39152663946151733,-0.639115035533905,-1.3459513187408447,-0.1565854698419571,-0.4689793884754181,-0.579101026058197,-0.3814992904663086,-0.13992036879062653,-0.014104149304330349,0.20032110810279846,-0.11383993923664093,-0.36260494589805603,-0.38918209075927734,0.7987275719642639,,
Bungalows,-0.36263445019721985,0.2564797103404999,-0.36303818225860596,0.24994146823883057,0.12807905673980713,0.010143470950424671,0.21126015484333038,-0.07786277681589127,-0.5276821255683899,-0.5964891314506531,-0.11662525683641434,-0.45503154397010803,0.003418493317440152,0.36208656430244446,-0.30128371715545654,,
All Inclusive (Upon Inquiry),-0.23740030825138092,0.5877321362495422,-0.7175583839416504,0.1407901793718338,0.19489037990570068,0.10968267917633057,-0.014290443621575832,0.08605965226888657,-0.7112602591514587,-0.7318676710128784,0.035263121128082275,-0.33174967765808105,0.28619566559791565,0.45032358169555664,0.026839246973395348,,
Fan,-0.09183310717344284,-0.2482789307832718,-0.40939775109291077,-0.617085874080658,-0.09304030239582062,0.13653568923473358,-0.4735510051250458,-0.1275736540555954,-0.06550173461437225,-0.06280914694070816,0.16597533226013184,-0.30271685123443604,-0.48051223158836365,-0.08396308869123459,0.49960628151893616,,
Air Conditioning,-0.1476050615310669,0.05428863689303398,-0.05873051658272743,-0.22645056247711182,-0.3863216042518616,-0.5679599046707153,0.5611114501953125,-0.3617960512638092,-0.3048587143421173,-0.38725313544273376,-0.4683097302913666,0.41149604320526123,0.33184850215911865,-0.19554032385349274,-0.8023841977119446,,
Safe (Rooms),-0.41718950867652893,-0.5475253462791443,0.08321454375982285,-0.7592761516571045,0.5162797570228577,-0.32736942172050476,0.6082378625869751,0.02644554153084755,0.213789701461792,0.5648118257522583,1.1576652526855469,-0.6248909831047058,-0.08315787464380264,0.08676786720752716,-0.24068212509155273,,
Resort,-0.4401123523712158,0.11860225349664688,0.051453299820423126,0.07935945689678192,-0.01520511507987976,0.13734151422977448,0.2189505398273468,-0.27712762355804443,0.08935116231441498,-0.7459017038345337,0.13711310923099518,-0.4605805277824402,0.06456172466278076,-0.1293746829032898,0.5918311476707458,,
Ski Resort,0.038680873811244965,0.5011999011039734,-0.26000383496284485,-0.4571371376514435,0.6041537523269653,0.06448325514793396,-0.4550548493862152,0.41480985283851624,0.4949779808521271,-0.27422836422920227,-0.0634075403213501,0.1703091561794281,0.500946581363678,0.4796236455440521,0.5369248986244202,,
Cosmetic Mirror,-0.06675657629966736,0.29483121633529663,-0.8568445444107056,-0.25282934308052063,-0.2697426378726959,0.12648017704486847,-0.6266766786575317,0.0799875482916832,-0.23786428570747375,-0.45721760392189026,-0.010891411453485489,-0.35945120453834534,-0.10234624892473221,0.41928404569625854,0.18762663006782532,,
Sailing,-0.5175264477729797,0.24837329983711243,0.08292227983474731,0.001764287007972598,0.03846459090709686,0.34480252861976624,0.23997485637664795,-0.3710052967071533,0.07928350567817688,-0.7197449207305908,0.25351712107658386,-0.3244684338569641,0.23839673399925232,-0.11052782088518143,0.6082640886306763,,
Reception (24/7),-0.41348329186439514,-0.8204324841499329,0.02554306760430336,-0.36585620045661926,0.47580742835998535,-0.215716153383255,1.3412779569625854,-0.8199966549873352,-0.34458333253860474,-0.5347986817359924,-0.5655096173286438,-0.02724284678697586,0.5180749297142029,-0.01889697089791298,-0.4914056658744812,,
Laundry Service,-0.32229316234588623,0.2896464467048645,0.013292914256453514,-0.40576955676078796,0.5320092439651489,0.09263776242733002,0.0911455750465393,0.41902387142181396,0.14653509855270386,-9.708846919238567E-4,-0.1439281553030014,-0.5977905988693237,0.10748783499002457,0.2900439202785492,0.1250886768102646,,
Fridge,0.5361413955688477,0.276659220457077,-0.5288077592849731,-0.21662606298923492,-0.37436580657958984,-0.04174018278717995,-0.4095412790775299,-0.2245713770389557,0.4453781843185425,-0.20793017745018005,0.10632577538490295,0.1393136829137802,-0.7537293434143066,0.2306966632604599,-0.2445717602968216,,
Hairdresser,0.20423641800880432,-0.3039484918117523,-0.6620388627052307,-1.165586233139038,-0.0917636826634407,-0.44625523686408997,-0.6152111291885376,-0.45197978615760803,-0.17899790406227112,0.19641968607902527,0.1968671977519989,-0.2251618206501007,-0.3235015273094177,-0.286346435546875,0.8515012860298157,,
Theme Hotel,-0.6470537185668945,-0.19765698909759521,0.025215275585651398,0.48227301239967346,0.7902030348777771,-0.18454156816005707,-0.2886936664581299,-0.7905204892158508,0.14666008949279785,0.3015776574611664,0.23960484564304352,0.5880330801010132,-0.2236177921295166,-0.02678842283785343,0.23685011267662048,,
Eco-Friendly hotel,-0.29379600286483765,0.08812201768159866,-0.4108778238296509,-0.010303264483809471,0.19658643007278442,-0.011478654108941555,-0.03726334124803543,0.11128142476081848,-0.5548750758171082,-0.4579533636569977,-0.36142247915267944,-0.4388123154640198,0.11520043015480042,0.2298818826675415,-0.11744062602519989,,
From 4 Stars,-0.7604140043258667,0.4459080994129181,-0.515494704246521,0.23674550652503967,0.6425619721412659,0.2589114308357239,-0.1749800741672516,-0.4782784581184387,-0.9856170415878296,-0.5083582401275635,-0.3883628845214844,-0.3412065804004669,0.28461262583732605,-0.34117481112480164,0.1423465460538864,,
Hammam,-0.7028593420982361,0.5014886260032654,-0.7420256733894348,0.2336575835943222,0.3510052561759949,-0.10716409981250763,0.13366657495498657,-0.016191061586141586,-0.1286894828081131,-0.8572394847869873,-0.4384602904319763,-0.7953518033027649,0.1963253766298294,0.5045848488807678,-0.20716460049152374,,
Spa (Wellness Facility),-0.5007928013801575,0.22577837109565735,-0.43094420433044434,0.210466668009758,0.329364538192749,0.1944885104894638,0.04016236215829849,0.12058631330728531,-0.15222595632076263,-0.7650427222251892,0.518650472164154,-0.4839649498462677,0.06869538873434067,0.4197244644165039,-0.16262668371200562,,
Teleprinter,-0.24067972600460052,-0.3241167366504669,-0.03880966082215309,-0.5466752052307129,-0.019707975909113884,-0.801417350769043,1.116339087486267,-0.9823917150497437,-0.3026081621646881,-0.17428548634052277,-0.719100296497345,0.3210533559322357,0.24013860523700714,-0.40121182799339294,-0.929321825504303,,
Self Catering,0.2666240930557251,-0.2826068699359894,0.5855448246002197,-0.25983431935310364,-0.06773114949464798,-0.34873825311660767,0.5224689841270447,0.2653631269931793,0.2081555873155594,-0.09828832000494003,0.48657867312431335,-0.21170775592327118,-0.6966783404350281,0.7785051465034485,-0.6176108717918396,,
Convenience Store,-0.6576032042503357,0.1694718897342682,-0.26088446378707886,0.31869640946388245,0.49258020520210266,0.2124260663986206,0.02592846006155014,-0.19587303698062897,-0.5779109597206116,-0.40979108214378357,-0.7391661405563354,-0.563815176486969,0.22290655970573425,0.06444195657968521,-0.17473335564136505,,
Bed & Breakfast,0.21281592547893524,0.3091050684452057,-0.27250078320503235,-0.22975634038448334,-0.013643231242895126,0.022462446242570877,0.22093798220157623,0.30042845010757446,-0.3390336036682129,-0.30975812673568726,0.11441700160503387,-0.0728815421462059,-0.19923225045204163,0.2114909142255783,-0.2779431939125061,,
Sun Umbrellas,0.09678725898265839,-0.26429319381713867,-0.05978670343756676,-0.6748977899551392,0.15200626850128174,-0.4897408187389374,1.1485545635223389,-0.5738527774810791,-0.7409408688545227,-0.3086336553096771,-0.23377090692520142,0.3075568377971649,0.04344327002763748,-0.2757858633995056,-0.46785274147987366,,
Skiing,0.40894290804862976,0.580170750617981,-0.542823851108551,-0.1979103833436966,0.006252705585211515,-0.02627795748412609,0.2549690008163452,0.31803786754608154,-0.49909380078315735,-0.5128998756408691,0.2971075773239136,-0.037973325699567795,0.20704250037670135,0.3602781891822815,-0.16603565216064453,,
House / Apartment,0.2711736261844635,-0.2590428590774536,0.3192921578884125,0.5700355768203735,0.47629037499427795,-0.9533308148384094,0.42539992928504944,0.8343040347099304,0.5771558284759521,-0.8119634389877319,0.36378639936447144,0.4997665286064148,-1.5012362003326416,0.39358586072921753,-0.3011230528354645,,
Non-Smoking Rooms,-0.14972296357154846,-0.13672833144664764,-0.18591567873954773,-0.4446795880794525,0.2604934275150299,-0.12819793820381165,0.550605297088623,0.4782237112522125,-0.04978657513856888,0.28729522228240967,0.3664206862449646,-0.2986578047275543,-0.3217034637928009,0.14800721406936646,-0.44621148705482483,,
